Accident no.,length of ship damage
Accident 1,9.460435583
Accident 2,0
Accident 3,9.981381224
Accident 4,8.61583504
Accident 5,0
Accident 6,3.685752843
Accident 7,6.178570697
Accident 8,0
Accident 9,8.68828354
Accident 10,4.326456162
Accident 11,0
Accident 12,9.685801495
Accident 13,1.44993649
Accident 14,0
Accident 15,4.666920224
Accident 16,2.260673903
Accident 17,0
Accident 18,8.382258978
Accident 19,6.163702375
Accident 20,0
Accident 21,2.308307385
Accident 22,4.282761863
Accident 23,0
Accident 24,6.91957844
Accident 25,6.081548103
Accident 26,0
Accident 27,2.94586043
Accident 28,3.567079013
Accident 29,0.601539162
Accident 30,
Accident 31,
Accident 32,
Accident 33,
Accident 34,
Accident 35,
Accident 36,5.476055241
Accident 37,0.002442868
Accident 38,0
Accident 39,2.03045785
Accident 40,3.553369141
Accident 41,0
Accident 42,1.260015673
Accident 43,1.707378204
Accident 44,10.52842196
Accident 45,3.069292267
Accident 46,1.963707431
Accident 47,11.04032213
Accident 48,7.186750873
Accident 49,2.680713102
Accident 50,0
Accident 51,8.597423346
Accident 52,2.562404533
Accident 53,7.632274236
Accident 54,3.998175681
Accident 55,6.401542188
Accident 56,9.793839472
Accident 57,6.929522045
Accident 58,5.693561348
Accident 59,6.373132545
Accident 60,5.053790696
Accident 61,6.751045695
Accident 62,6.080782679
Accident 63,0.459560798
Accident 64,7.788418292
Accident 65,2.230970013
Accident 66,6.418623408
Accident 67,0.181217594
Accident 68,0.754673441
Accident 69,5.621101088
Accident 70,9.650829968
Accident 71,6.054504043
Accident 72,4.764630515
Accident 73,5.224569214
Accident 74,1.890379917
Accident 75,0.573489984
Accident 76,9.24896673
Accident 77,6.649616636
Accident 78,1.92027654
Accident 79,0.088653045
Accident 80,8.848917527
Accident 81,5.776839626
Accident 82,2.139921269
Accident 83,2.726273148
Accident 84,4.867683189
Accident 85,3.231640562
Accident 86,6.658716531
Accident 87,3.738869547
Accident 88,4.317140416
Accident 89,6.797949351
Accident 90,1.931620122
Accident 91,3.483096131
Accident 92,9.453263711
Accident 93,2.693898122
Accident 94,8.139550582
Accident 95,5.949294754
Accident 96,4.60364754
Accident 97,0.057184753
Accident 98,8.219598529
Accident 99,0.556021846
Accident 100,7.536573062
Accident 101,1.704880671
Accident 102,4.352267633
Accident 103,5.097964298
Accident 104,3.439246524
Accident 105,7.752523904
Accident 106,6.652996631
Accident 107,0.989688655
Accident 108,3.637568726
Accident 109,6.242020412
Accident 110,1.273054743
Accident 111,7.327653322
Accident 112,1.277399416
Accident 113,0.755876608
Accident 114,1.411302548
Accident 115,4.405098585
Accident 116,4.75266483
Accident 117,2.04700113
Accident 118,8.390267997
Accident 119,9.781839955
Accident 120,5.287242956
Accident 121,3.577844703
Accident 122,8.808097459
Accident 123,4.104970569
Accident 124,3.351850468
Accident 125,0.039326272
Accident 126,4.44703786
Accident 127,0.047996771
Accident 128,9.821461142
Accident 129,2.722748478
Accident 130,6.310816187
Accident 131,7.671406213
Accident 132,1.253759716
Accident 133,7.058697635
Accident 134,2.656313765
Accident 135,4.460295811
Accident 136,0.96073999
Accident 137,7.184945978
Accident 138,0.904445212
Accident 139,1.093078965
Accident 140,8.532760753
Accident 141,0.488348021
Accident 142,4.803584968
Accident 143,7.553507441
Accident 144,2.721840979
Accident 145,1.848167229
Accident 146,0.962814797
Accident 147,0.324613861
Accident 148,7.812925004
Accident 149,10.06236065
Accident 150,7.132783853
Accident 151,7.162752182
Accident 152,6.147441023
Accident 153,3.921012997
Accident 154,6.293926972
Accident 155,2.946563174
Accident 156,1.737040881
Accident 157,2.28438212
Accident 158,2.265386905
Accident 159,0.667479491
Accident 160,4.482666833
Accident 161,4.420985759
Accident 162,2.696822836
Accident 163,3.23541335
Accident 164,6.450963493
Accident 165,5.802526688
Accident 166,1.850979503
Accident 167,8.486213023
Accident 168,7.543009125
Accident 169,6.735341608
Accident 170,9.3081864
Accident 171,3.485759599
Accident 172,5.677790081
Accident 173,9.701801626
Accident 174,0.25686893
Accident 175,9.263830126
Accident 176,3.38586261
Accident 177,4.25627125
Accident 178,6.969817491
Accident 179,5.966083924
Accident 180,0.789583728
Accident 181,2.508450795
Accident 182,6.41437331
Accident 183,3.631025016
Accident 184,7.588821785
Accident 185,3.108775765
Accident 186,2.484293043
Accident 187,8.162451917
Accident 188,4.079511802
Accident 189,3.876715771
Accident 190,4.503822672
Accident 191,6.649099119
Accident 192,7.537126141
Accident 193,8.623685723
Accident 194,10.71872907
Accident 195,5.317018376
Accident 196,3.664438201
Accident 197,6.402690435
Accident 198,1.370314651
Accident 199,3.922273423
Accident 200,5.165475479
Accident 201,0.236717111
Accident 202,10.05126238
Accident 203,7.59159209
Accident 204,2.350603823
Accident 205,4.106488374
Accident 206,9.978053037
Accident 207,3.786446165
Accident 208,6.980169609
Accident 209,9.02082636
Accident 210,6.11866539
Accident 211,1.321420566
Accident 212,0
Accident 213,0.118214812
Accident 214,0.037219491
Accident 215,8.795481065
Accident 216,0.776078359
Accident 217,0.983041221
Accident 218,7.227398766
Accident 219,7.877213127
Accident 220,9.192647005
Accident 221,0
Accident 222,3.826162141
Accident 223,3.60944759
Accident 224,4.938077882
Accident 225,8.637802196
Accident 226,2.354349379
Accident 227,0
Accident 228,6.231016469
Accident 229,9.499342617
Accident 230,0
Accident 231,4.881770135
Accident 232,9.71818864
Accident 233,5.999757099
Accident 234,4.551255237
Accident 235,7.138805103
Accident 236,9.444070356
Accident 237,6.920150928
Accident 238,6.911715251
Accident 239,0
Accident 240,1.480930157
Accident 241,5.197193735
Accident 242,10.71838743
Accident 243,2.100849756
Accident 244,1.976237002
Accident 245,5.224498421
Accident 246,5.430159524
Accident 247,2.360651881
Accident 248,4.28331903
Accident 249,1.593163675
Accident 250,6.607969097
Accident 251,3.34498851
Accident 252,4.30510327
Accident 253,1.206601094
Accident 254,4.938976062
Accident 255,4.933004345
Accident 256,3.171437234
Accident 257,7.067998691
Accident 258,0.927168926
Accident 259,4.441538847
Accident 260,3.825353933
Accident 261,5.203920551
Accident 262,8.149129154
Accident 263,5.04957123
Accident 264,1.860486598
Accident 265,6.925330035
Accident 266,8.48620073
Accident 267,0.980862962
Accident 268,6.658895388
Accident 269,8.46673923
Accident 270,3.204386281
Accident 271,0.290370176
Accident 272,7.115975053
Accident 273,6.398415311
Accident 274,3.103631559
Accident 275,2.519256529
Accident 276,5.809847384
Accident 277,1.997912493
Accident 278,5.456031132
Accident 279,0.436949915
Accident 280,6.404611364
Accident 281,1.564774998
Accident 282,0.914832326
Accident 283,2.572242091
Accident 284,1.737779153
Accident 285,2.993920131
Accident 286,3.162113355
Accident 287,0.500826984
Accident 288,4.044789252
Accident 289,5.433630263
Accident 290,4.137591042
Accident 291,6.43878913
Accident 292,2.191607862
Accident 293,4.206966841
Accident 294,0.715863009
Accident 295,7.475119248
Accident 296,1.126849902
Accident 297,0.833147834
Accident 298,5.999790001
Accident 299,6.240510432
Accident 300,3.927119857
Accident 301,3.506261598
Accident 302,0.757259831
Accident 303,4.620015151
Accident 304,4.632076884
Accident 305,0.256141193
Accident 306,3.401739525
Accident 307,5.21947459
Accident 308,0.495911249
Accident 309,1.89009142
Accident 310,1.562910604
Accident 311,5.923388792
Accident 312,2.727591081
Accident 313,0.676328865
Accident 314,3.957222636
Accident 315,0.124476401
Accident 316,6.885624975
Accident 317,7.465914653
Accident 318,1.344694057
Accident 319,4.829063499
Accident 320,6.09541169
Accident 321,6.238574903
Accident 322,5.346111372
Accident 323,0.190750639
Accident 324,7.156185825
Accident 325,1.50913749
Accident 326,4.150485967
Accident 327,0.276181912
Accident 328,5.715949588
Accident 329,0.824013955
Accident 330,0.505711295
Accident 331,0.266964655
Accident 332,3.460124271
Accident 333,3.563042399
Accident 334,4.664779518
Accident 335,1.793141395
Accident 336,2.891529894
Accident 337,0.443533095
Accident 338,2.654617066
Accident 339,4.339607177
Accident 340,0.684149417
Accident 341,2.482567029
Accident 342,0.148291461
Accident 343,3.760977747
Accident 344,4.555077161
Accident 345,4.601628319
Accident 346,4.775922848
Accident 347,6.799801931
Accident 348,1.59103484
Accident 349,3.78310256
Accident 350,3.249979195
Accident 351,2.750421334
Accident 352,1.555171518
Accident 353,0.181735768
Accident 354,1.10445745
Accident 355,2.665637795
Accident 356,1.332488593
Accident 357,2.531664906
Accident 358,4.882480612
Accident 359,5.622944619
Accident 360,5.163123393
Accident 361,5.190180854
Accident 362,6.347154749
Accident 363,3.717380311
Accident 364,3.709266107
Accident 365,3.660689479
Accident 366,3.09767742
Accident 367,5.884718286
Accident 368,2.239648639
Accident 369,0.829546505
Accident 370,1.191071119
Accident 371,6.493066723
Accident 372,1.750438328
Accident 373,1.75192723
Accident 374,6.958297203
Accident 375,1.635001331
Accident 376,0.122450256
Accident 377,3.943159343
Accident 378,4.608975763
Accident 379,1.805961502
Accident 380,1.219274036
Accident 381,0.224033943
Accident 382,4.678497199
Accident 383,1.938592131
Accident 384,2.195889075
Accident 385,5.209222988
Accident 386,5.56781686
Accident 387,5.997436131
Accident 388,0.603763459
Accident 389,6.555841904
Accident 390,1.687259452
Accident 391,0.212715476
Accident 392,2.366914053
Accident 393,4.77565055
Accident 394,6.12356739
Accident 395,0.088727189
Accident 396,4.979627755
Accident 397,3.921150658
Accident 398,6.025577245
Accident 399,0.286758925
Accident 400,1.617553695
Accident 401,6.620271139
Accident 402,2.746982642
Accident 403,1.780264548
Accident 404,0.202839362
Accident 405,1.484730676
Accident 406,4.082734835
Accident 407,3.880761635
Accident 408,1.201332718
Accident 409,5.819042362
Accident 410,1.735689985
Accident 411,0.987731599
Accident 412,6.757211712
Accident 413,2.792066877
Accident 414,0.440465538
Accident 415,3.860444218
Accident 416,2.568040553
Accident 417,3.021126538
Accident 418,3.446987704
Accident 419,6.435632164
Accident 420,3.800289473
Accident 421,3.275551377
Accident 422,6.029138741
Accident 423,2.818548352
Accident 424,1.746532216
Accident 425,2.94895079
Accident 426,4.799071564
Accident 427,1.300218541
Accident 428,0.954381474
Accident 429,2.649413274
Accident 430,4.038964397
Accident 431,5.504924382
Accident 432,1.131247388
Accident 433,7.248715149
Accident 434,5.771201001
Accident 435,2.963629665
Accident 436,5.370892856
Accident 437,3.259660017
Accident 438,1.559341951
Accident 439,5.169368542
Accident 440,4.693113443
Accident 441,4.126698961
Accident 442,5.720602948
Accident 443,1.443445586
Accident 444,1.046165562
Accident 445,0.04675428
Accident 446,3.366260751
Accident 447,4.2171703
Accident 448,5.146286152
Accident 449,6.328099898
Accident 450,4.976807952
Accident 451,6.508203917
Accident 452,7.598579529
Accident 453,1.55044432
Accident 454,6.991489455
Accident 455,3.010784433
Accident 456,7.57530136
Accident 457,4.951588235
Accident 458,7.347883652
Accident 459,2.282350712
Accident 460,2.712556238
Accident 461,4.680313006
Accident 462,4.574918252
Accident 463,3.007475414
Accident 464,7.044387592
Accident 465,2.948866868
Accident 466,6.927833752
Accident 467,6.422397435
Accident 468,1.557779057
Accident 469,5.149511673
Accident 470,5.478484001
Accident 471,2.997297849
Accident 472,4.951423219
Accident 473,4.744319209
Accident 474,2.876415784
Accident 475,5.29042247
Accident 476,2.773861424
Accident 477,5.285675549
Accident 478,2.502020341
Accident 479,0.2053873
Accident 480,5.14173803
Accident 481,3.838090105
Accident 482,7.000284366
Accident 483,6.210274823
Accident 484,1.709739402
Accident 485,1.032299065
Accident 486,5.097390889
Accident 487,0
Accident 488,0
Accident 489,0
Accident 490,0
Accident 491,0
Accident 492,0
Accident 493,0
Accident 494,0
Accident 495,0
Accident 496,0
Accident 497,0
Accident 498,0
Accident 499,0
Accident 500,0
Accident 501,0
Accident 502,0
Accident 503,0
Accident 504,0
Accident 505,0
Accident 506,0
Accident 507,0
Accident 508,0
Accident 509,0
Accident 510,0
Accident 511,0
Accident 512,0
Accident 513,0
Accident 514,0
Accident 515,0
Accident 516,0
Accident 517,0
Accident 518,0
Accident 519,0
Accident 520,0
Accident 521,0
Accident 522,0
Accident 523,0
Accident 524,0
Accident 525,0
Accident 526,0
Accident 527,0
Accident 528,0
Accident 529,0
Accident 530,0
Accident 531,0
Accident 532,0
Accident 533,0
Accident 534,0
Accident 535,0
Accident 536,0
Accident 537,0
Accident 538,0
Accident 539,0
Accident 540,0
Accident 541,0
Accident 542,0
Accident 543,0
Accident 544,0
Accident 545,0
Accident 546,0
Accident 547,0
Accident 548,0
Accident 549,0
Accident 550,0
Accident 551,0
Accident 552,0
Accident 553,0
Accident 554,0
Accident 555,0
Accident 556,0
Accident 557,0
Accident 558,0
Accident 559,0
Accident 560,0
Accident 561,0
Accident 562,0
Accident 563,0
Accident 564,0
Accident 565,0
Accident 566,0
Accident 567,0
Accident 568,0
Accident 569,0
Accident 570,0
Accident 571,0
Accident 572,0
Accident 573,0
Accident 574,0
Accident 575,0
Accident 576,0
Accident 577,0
Accident 578,0
Accident 579,0
Accident 580,0
Accident 581,0
Accident 582,0
Accident 583,0
Accident 584,0
Accident 585,0
Accident 586,0
Accident 587,0
Accident 588,0
Accident 589,0
Accident 590,0
Accident 591,0
Accident 592,0
Accident 593,0
Accident 594,0
Accident 595,0
Accident 596,0
Accident 597,0
Accident 598,0
Accident 599,0
Accident 600,0
Accident 601,0
Accident 602,0
Accident 603,0
Accident 604,0
Accident 605,0
Accident 606,0
Accident 607,0
Accident 608,0
Accident 609,0
Accident 610,0
Accident 611,0
Accident 612,0
Accident 613,0
Accident 614,0
Accident 615,0
Accident 616,0
Accident 617,0
Accident 618,0
Accident 619,0
Accident 620,0
Accident 621,0
Accident 622,0
Accident 623,0
Accident 624,0
Accident 625,0
Accident 626,0
Accident 627,0
Accident 628,0
Accident 629,0
Accident 630,0
Accident 631,0
Accident 632,0
Accident 633,0
Accident 634,0
Accident 635,0
Accident 636,0
Accident 637,0
Accident 638,0
Accident 639,0
Accident 640,0
Accident 641,0
Accident 642,0
Accident 643,0
Accident 644,0
Accident 645,0
Accident 646,0
Accident 647,0
Accident 648,0
Accident 649,0
Accident 650,0
Accident 651,0
Accident 652,0
Accident 653,0
Accident 654,0
Accident 655,0
Accident 656,0
Accident 657,0
Accident 658,0
Accident 659,0
Accident 660,0
Accident 661,0
Accident 662,0
Accident 663,0
Accident 664,0
Accident 665,0
Accident 666,0
Accident 667,0
Accident 668,0
Accident 669,0
Accident 670,0
Accident 671,0
Accident 672,0
Accident 673,0
Accident 674,0
Accident 675,0
Accident 676,0
Accident 677,0
Accident 678,0
Accident 679,0
Accident 680,0
Accident 681,0
Accident 682,0
Accident 683,0
Accident 684,0
Accident 685,0
Accident 686,0
Accident 687,0
Accident 688,0
Accident 689,0
Accident 690,0
Accident 691,0
Accident 692,0
Accident 693,0
Accident 694,0
Accident 695,0
Accident 696,0
Accident 697,0
Accident 698,0
Accident 699,0
Accident 700,0
Accident 701,0
Accident 702,0
Accident 703,0
Accident 704,0
Accident 705,0
Accident 706,0
Accident 707,0
Accident 708,0
Accident 709,0
Accident 710,0
Accident 711,0
Accident 712,0
Accident 713,0
Accident 714,0
Accident 715,0
Accident 716,0
Accident 717,0
Accident 718,0
Accident 719,0
Accident 720,0
Accident 721,0
Accident 722,0
Accident 723,0
Accident 724,0
Accident 725,0
Accident 726,0
Accident 727,0
Accident 728,0
Accident 729,0
Accident 730,0
Accident 731,0
Accident 732,0
Accident 733,0
Accident 734,0
Accident 735,0
Accident 736,0
Accident 737,0
Accident 738,0
Accident 739,8.181134319
Accident 740,7.202201094
Accident 741,1.972540636
Accident 742,4.900268903
Accident 743,4.005794888
Accident 744,3.94024267
Accident 745,8.730458023
Accident 746,3.484901782
Accident 747,1.213058912
Accident 748,0
Accident 749,0
Accident 750,0
Accident 751,0
Accident 752,0
Accident 753,0
Accident 754,0
Accident 755,0
Accident 756,0
Accident 757,0
Accident 758,0
Accident 759,0
Accident 760,0
Accident 761,0
Accident 762,0
Accident 763,0
Accident 764,0
Accident 765,0
Accident 766,3.885453018
Accident 767,5.758565413
Accident 768,8.446998119
Accident 769,8.385044895
Accident 770,3.615692012
Accident 771,2.148530167
Accident 772,1.286439296
Accident 773,9.668587523
Accident 774,7.55097068
Accident 775,0
Accident 776,0
Accident 777,0
Accident 778,0
Accident 779,0
Accident 780,0
Accident 781,0
Accident 782,0
Accident 783,0
Accident 784,0
Accident 785,0
Accident 786,0
Accident 787,0
Accident 788,0
Accident 789,0
Accident 790,0
Accident 791,0
Accident 792,0
Accident 793,0.199944866
Accident 794,5.712204383
Accident 795,8.918080473
Accident 796,7.43866117
Accident 797,8.549153568
Accident 798,9.040287491
Accident 799,8.490197458
Accident 800,10.5166898
Accident 801,4.224362394
Accident 802,0
Accident 803,0
Accident 804,0
Accident 805,0
Accident 806,0
Accident 807,0
Accident 808,0
Accident 809,0
Accident 810,0
Accident 811,0
Accident 812,0
Accident 813,0
Accident 814,0
Accident 815,0
Accident 816,0
Accident 817,0
Accident 818,0
Accident 819,0
Accident 820,5.29319219
Accident 821,9.430131056
Accident 822,5.677340809
Accident 823,4.008705091
Accident 824,2.782595576
Accident 825,4.040571166
Accident 826,3.141258515
Accident 827,4.116885991
Accident 828,6.007488864
Accident 829,0
Accident 830,0
Accident 831,0
Accident 832,0
Accident 833,0
Accident 834,0
Accident 835,0
Accident 836,0
Accident 837,0
Accident 838,0
Accident 839,0
Accident 840,0
Accident 841,0
Accident 842,0
Accident 843,0
Accident 844,0
Accident 845,0
Accident 846,0
Accident 847,9.0593854
Accident 848,2.751727198
Accident 849,2.263342952
Accident 850,5.560777647
Accident 851,0.43834326
Accident 852,2.66357288
Accident 853,7.945939845
Accident 854,5.795120946
Accident 855,4.252050552
Accident 856,0
Accident 857,0
Accident 858,0
Accident 859,0
Accident 860,0
Accident 861,0
Accident 862,0
Accident 863,0
Accident 864,0
Accident 865,0
Accident 866,0
Accident 867,0
Accident 868,0
Accident 869,0
Accident 870,0
Accident 871,0
Accident 872,0
Accident 873,0
Accident 874,0.883635728
Accident 875,10.24352846
Accident 876,5.457489328
Accident 877,1.342207223
Accident 878,2.415138337
Accident 879,1.09940881
Accident 880,9.701776189
Accident 881,5.423445655
Accident 882,5.06215235
Accident 883,0
Accident 884,0
Accident 885,0
Accident 886,0
Accident 887,0
Accident 888,0
Accident 889,0
Accident 890,0
Accident 891,0
Accident 892,0
Accident 893,0
Accident 894,0
Accident 895,0
Accident 896,0
Accident 897,0
Accident 898,0
Accident 899,0
Accident 900,0
Accident 901,4.473417407
Accident 902,1.43365815
Accident 903,1.183088839
Accident 904,3.944510464
Accident 905,4.429732815
Accident 906,8.522946032
Accident 907,0.486037472
Accident 908,0.727145081
Accident 909,6.19600416
Accident 910,0
Accident 911,0
Accident 912,0
Accident 913,0
Accident 914,0
Accident 915,0
Accident 916,0
Accident 917,0
Accident 918,0
Accident 919,0
Accident 920,0
Accident 921,0
Accident 922,0
Accident 923,0
Accident 924,0
Accident 925,0
Accident 926,0
Accident 927,0
Accident 928,8.752963272
Accident 929,9.052453168
Accident 930,4.088436073
Accident 931,7.356186123
Accident 932,4.655951068
Accident 933,1.523448141
Accident 934,9.632262218
Accident 935,10.12176027
Accident 936,4.260254459
Accident 937,0
Accident 938,0
Accident 939,0
Accident 940,0
Accident 941,0
Accident 942,0
Accident 943,0
Accident 944,0
Accident 945,0
Accident 946,0
Accident 947,0
Accident 948,0
Accident 949,0
Accident 950,0
Accident 951,0
Accident 952,0
Accident 953,0
Accident 954,0
Accident 955,5.557997883
Accident 956,5.736352894
Accident 957,5.189561338
Accident 958,4.510622998
Accident 959,8.153238746
Accident 960,6.402966919
Accident 961,6.953195459
Accident 962,6.901279994
Accident 963,5.510649888
Accident 964,0
Accident 965,0
Accident 966,0
Accident 967,0
Accident 968,0
Accident 969,0
Accident 970,0
Accident 971,0
Accident 972,0
Accident 973,5.511618251
Accident 974,0.85194932
Accident 975,1.069928153
Accident 976,4.810775735
Accident 977,5.564204254
Accident 978,1.652153017
Accident 979,1.149765031
Accident 980,3.318252465
Accident 981,3.172025656
Accident 982,0
Accident 983,0
Accident 984,0
Accident 985,0
Accident 986,0
Accident 987,0
Accident 988,0
Accident 989,0
Accident 990,0
Accident 991,2.998554293
Accident 992,2.341622459
Accident 993,0.130124527
Accident 994,2.789434515
Accident 995,2.152249533
Accident 996,5.333133369
Accident 997,0.82888268
Accident 998,0.595578649
Accident 999,4.068344362
Accident 1000,2.796619964
Accident 1001,2.789404481
Accident 1002,5.638562463
Accident 1003,1.941839064
Accident 1004,5.806836693
Accident 1005,1.306044397
Accident 1006,3.414827244
Accident 1007,1.480196585
Accident 1008,5.436583728
Accident 1009,0
Accident 1010,0
Accident 1011,0
Accident 1012,0
Accident 1013,0
Accident 1014,0
Accident 1015,0
Accident 1016,0
Accident 1017,0
Accident 1018,4.991657012
Accident 1019,0.940571389
Accident 1020,1.057813522
Accident 1021,1.701930749
Accident 1022,5.04861148
Accident 1023,0.851357622
Accident 1024,3.573153087
Accident 1025,6.112653029
Accident 1026,4.88844075
Accident 1027,1.353224416
Accident 1028,2.771624592
Accident 1029,1.543609696
Accident 1030,1.62025523
Accident 1031,2.295996427
Accident 1032,2.100240997
Accident 1033,0.642328447
Accident 1034,0.234415372
Accident 1035,4.38342209
Accident 1036,0
Accident 1037,0
Accident 1038,0
Accident 1039,0
Accident 1040,0
Accident 1041,0
Accident 1042,0
Accident 1043,0
Accident 1044,0
Accident 1045,2.571416876
Accident 1046,5.794893136
Accident 1047,2.980245244
Accident 1048,3.544186364
Accident 1049,0.712126968
Accident 1050,3.950076233
Accident 1051,3.610509606
Accident 1052,5.247735163
Accident 1053,2.062523868
Accident 1054,4.583142904
Accident 1055,1.875337707
Accident 1056,2.16542151
Accident 1057,4.69576442
Accident 1058,5.404528533
Accident 1059,4.700586344
Accident 1060,2.668441972
Accident 1061,5.532591549
Accident 1062,1.999415999
Accident 1063,0
Accident 1064,0
Accident 1065,0
Accident 1066,0
Accident 1067,0
Accident 1068,0
Accident 1069,0
Accident 1070,0
Accident 1071,0
Accident 1072,3.235379562
Accident 1073,2.297217209
Accident 1074,6.35413065
Accident 1075,1.543787536
Accident 1076,1.66034484
Accident 1077,1.112070191
Accident 1078,3.822355284
Accident 1079,0.90235402
Accident 1080,4.730951609
Accident 1081,2.309351386
Accident 1082,2.103962111
Accident 1083,2.134780718
Accident 1084,2.437524139
Accident 1085,5.278677722
Accident 1086,5.852239312
Accident 1087,2.840134788
Accident 1088,5.655621303
Accident 1089,1.746207216
Accident 1090,0
Accident 1091,0
Accident 1092,0
Accident 1093,0
Accident 1094,0
Accident 1095,0
Accident 1096,0
Accident 1097,0
Accident 1098,0
Accident 1099,5.417625358
Accident 1100,3.607263873
Accident 1101,4.786611283
Accident 1102,4.770824166
Accident 1103,4.049787072
Accident 1104,4.713542903
Accident 1105,5.346047245
Accident 1106,1.591804926
Accident 1107,0.606960982
Accident 1108,4.991321753
Accident 1109,1.015769119
Accident 1110,1.290527583
Accident 1111,1.568704773
Accident 1112,1.188035586
Accident 1113,1.236127884
Accident 1114,5.485088936
Accident 1115,2.699776313
Accident 1116,1.886661313
Accident 1117,0
Accident 1118,0
Accident 1119,0
Accident 1120,0
Accident 1121,0
Accident 1122,0
Accident 1123,0
Accident 1124,0
Accident 1125,0
Accident 1126,2.449910738
Accident 1127,3.693756805
Accident 1128,0.664664233
Accident 1129,1.09966819
Accident 1130,2.303385534
Accident 1131,5.956191721
Accident 1132,0.873434991
Accident 1133,5.744526019
Accident 1134,1.088191576
Accident 1135,2.967305962
Accident 1136,3.964265294
Accident 1137,2.858938204
Accident 1138,0.089263655
Accident 1139,4.467990226
Accident 1140,1.250959733
Accident 1141,3.832613302
Accident 1142,2.479761253
Accident 1143,2.110400312
Accident 1144,0
Accident 1145,0
Accident 1146,0
Accident 1147,0
Accident 1148,0
Accident 1149,0
Accident 1150,0
Accident 1151,0
Accident 1152,0
Accident 1153,4.695568756
Accident 1154,0.360121881
Accident 1155,2.357859937
Accident 1156,6.165922924
Accident 1157,6.475354814
Accident 1158,1.30870336
Accident 1159,1.796681083
Accident 1160,3.82614737
Accident 1161,0.196192381
Accident 1162,3.827596953
Accident 1163,0.112902196
Accident 1164,5.613061538
Accident 1165,4.186628208
Accident 1166,6.407039868
Accident 1167,3.683160284
Accident 1168,5.399618039
Accident 1169,1.043743345
Accident 1170,4.311307958
Accident 1171,0
Accident 1172,0
Accident 1173,0
Accident 1174,0
Accident 1175,0
Accident 1176,0
Accident 1177,0
Accident 1178,0
Accident 1179,0
Accident 1180,3.326578355
Accident 1181,1.029370743
Accident 1182,6.201315674
Accident 1183,2.264753074
Accident 1184,4.278543632
Accident 1185,4.806963494
Accident 1186,6.384754759
Accident 1187,1.468861264
Accident 1188,4.455769643
Accident 1189,6.128563656
Accident 1190,5.002569573
Accident 1191,4.338104335
Accident 1192,3.984596916
Accident 1193,2.781781446
Accident 1194,5.58411065
Accident 1195,5.912185042
Accident 1196,3.232560666
Accident 1197,2.000019166
Accident 1198,0
Accident 1199,0
Accident 1200,0
Accident 1201,0
Accident 1202,0
Accident 1203,0
Accident 1204,0
Accident 1205,0
Accident 1206,0
Accident 1207,3.524462924
Accident 1208,3.110478367
Accident 1209,2.739865485
Accident 1210,2.089316725
Accident 1211,6.019069203
Accident 1212,4.035571717
Accident 1213,3.030973759
Accident 1214,5.900242492
Accident 1215,2.552151197
Accident 1216,4.615602039
Accident 1217,4.354135317
Accident 1218,1.793502152
Accident 1219,2.653342863
Accident 1220,3.098406439
Accident 1221,1.569969755
Accident 1222,0.807794672
Accident 1223,1.093681378
Accident 1224,0.536435043
Accident 1225,3.905432121
Accident 1226,3.387159395
Accident 1227,0.962573901
Accident 1228,2.578910142
Accident 1229,2.455189974
Accident 1230,2.363395832
Accident 1231,0.720036408
Accident 1232,1.043674221
Accident 1233,2.154241108
Accident 1234,0
Accident 1235,0
Accident 1236,0
Accident 1237,0
Accident 1238,0
Accident 1239,0
Accident 1240,0
Accident 1241,0
Accident 1242,0
Accident 1243,6.059246515
Accident 1244,4.795544437
Accident 1245,4.172364203
Accident 1246,4.429627859
Accident 1247,1.521088494
Accident 1248,0.731912616
Accident 1249,2.582851244
Accident 1250,2.817238011
Accident 1251,2.029332218
Accident 1252,0.416633274
Accident 1253,0.997379513
Accident 1254,2.324974745
Accident 1255,1.056544862
Accident 1256,1.037605378
Accident 1257,3.92937561
Accident 1258,0.523316113
Accident 1259,4.697295948
Accident 1260,2.260006898
Accident 1261,0
Accident 1262,0
Accident 1263,0
Accident 1264,0
Accident 1265,0
Accident 1266,0
Accident 1267,0
Accident 1268,0
Accident 1269,0
Accident 1270,2.660684817
Accident 1271,3.825337738
Accident 1272,2.846364769
Accident 1273,3.549266784
Accident 1274,2.540209412
Accident 1275,1.423001655
Accident 1276,-1.637896587
Accident 1277,-2.578113656
Accident 1278,-1.199923664
Accident 1279,-1.647413228
Accident 1280,-2.21811372
Accident 1281,-0.308873047
Accident 1282,-2.046724709
Accident 1283,-1.464689069
Accident 1284,-0.807322391
Accident 1285,-1.917848811
Accident 1286,-0.275809677
Accident 1287,-1.945184542
Accident 1288,0
Accident 1289,0
Accident 1290,0
Accident 1291,0
Accident 1292,0
Accident 1293,0
Accident 1294,0
Accident 1295,0
Accident 1296,0
Accident 1297,4.286192278
Accident 1298,2.295376587
Accident 1299,0.275850522
Accident 1300,5.352118889
Accident 1301,1.29669635
Accident 1302,3.948016536
Accident 1303,5.348690057
Accident 1304,2.783683705
Accident 1305,0.64125959
Accident 1306,3.546839294
Accident 1307,2.182460803
Accident 1308,2.000451248
Accident 1309,0.232179212
Accident 1310,3.405828131
Accident 1311,1.108932465
Accident 1312,3.797433245
Accident 1313,0.137885717
Accident 1314,2.636577476
Accident 1315,0
Accident 1316,0
Accident 1317,0
Accident 1318,0
Accident 1319,0
Accident 1320,0
Accident 1321,0
Accident 1322,0
Accident 1323,0
Accident 1324,2.94654529
Accident 1325,4.664075484
Accident 1326,3.358632705
Accident 1327,2.889092373
Accident 1328,1.670393861
Accident 1329,0.069665338
Accident 1330,4.074405484
Accident 1331,2.323754982
Accident 1332,0.489183945
Accident 1333,3.512004747
Accident 1334,3.37591429
Accident 1335,3.256727659
Accident 1336,0.370743932
Accident 1337,0.514232299
Accident 1338,2.028901953
Accident 1339,2.022443573
Accident 1340,2.639839953
Accident 1341,2.67161726
Accident 1342,0
Accident 1343,0
Accident 1344,0
Accident 1345,0
Accident 1346,0
Accident 1347,0
Accident 1348,0
Accident 1349,0
Accident 1350,0
Accident 1351,1.02091213
Accident 1352,5.303722311
Accident 1353,2.991745179
Accident 1354,4.628334711
Accident 1355,1.77921354
Accident 1356,3.920514907
Accident 1357,0.846187603
Accident 1358,1.801491758
Accident 1359,5.327450161
Accident 1360,3.394105714
Accident 1361,1.263740552
Accident 1362,1.217792872
Accident 1363,0.45213056
Accident 1364,1.012530483
Accident 1365,2.125364417
Accident 1366,0.029777938
Accident 1367,0.914338946
Accident 1368,4.159834168
Accident 1369,0
Accident 1370,0
Accident 1371,0
Accident 1372,0
Accident 1373,0
Accident 1374,0
Accident 1375,0
Accident 1376,0
Accident 1377,0
Accident 1378,2.607112146
Accident 1379,4.658759035
Accident 1380,0.192093563
Accident 1381,0.116165964
Accident 1382,1.823540732
Accident 1383,3.95270688
Accident 1384,4.905435858
Accident 1385,0.518038397
Accident 1386,0.838308297
Accident 1387,2.462120024
Accident 1388,0.071388624
Accident 1389,4.482364163
Accident 1390,3.034221692
Accident 1391,1.426825312
Accident 1392,0.679625096
Accident 1393,1.187371189
Accident 1394,4.595274046
Accident 1395,1.856741755
Accident 1396,0
Accident 1397,0
Accident 1398,0
Accident 1399,0
Accident 1400,0
Accident 1401,0
Accident 1402,0
Accident 1403,0
Accident 1404,0
Accident 1405,5.549833868
Accident 1406,5.070518576
Accident 1407,2.313955789
Accident 1408,1.27702688
Accident 1409,4.464585141
Accident 1410,5.140451126
Accident 1411,5.515441672
Accident 1412,1.830279605
Accident 1413,6.030652014
Accident 1414,4.29564221
Accident 1415,2.231376983
Accident 1416,2.410520281
Accident 1417,4.995852855
Accident 1418,1.693616274
Accident 1419,4.768368636
Accident 1420,1.382394246
Accident 1421,3.136890565
Accident 1422,1.472865639
Accident 1423,0
Accident 1424,0
Accident 1425,0
Accident 1426,0
Accident 1427,0
Accident 1428,0
Accident 1429,0
Accident 1430,0
Accident 1431,0
Accident 1432,1.064040857
Accident 1433,5.315090505
Accident 1434,6.031340037
Accident 1435,1.660091577
Accident 1436,4.897751675
Accident 1437,2.090661242
Accident 1438,1.37813061
Accident 1439,3.371288575
Accident 1440,1.755506987
Accident 1441,3.370144384
Accident 1442,3.093025218
Accident 1443,3.631726386
Accident 1444,4.705451405
Accident 1445,1.38987716
Accident 1446,5.020963325
Accident 1447,1.147644256
Accident 1448,4.612693536
Accident 1449,0.077811596
Accident 1450,0
Accident 1451,0
Accident 1452,0
Accident 1453,0
Accident 1454,0
Accident 1455,0
Accident 1456,0
Accident 1457,0
Accident 1458,0
Accident 1459,0
Accident 1460,0
Accident 1461,0
Accident 1462,0
Accident 1463,0
Accident 1464,0
Accident 1465,0
Accident 1466,0
Accident 1467,0
Accident 1468,0
Accident 1469,0
Accident 1470,0
Accident 1471,0
Accident 1472,0
Accident 1473,0
Accident 1474,0
Accident 1475,0
Accident 1476,0
Accident 1477,0
Accident 1478,0
Accident 1479,0
Accident 1480,0
Accident 1481,0
Accident 1482,0
Accident 1483,0
Accident 1484,0
Accident 1485,0
Accident 1486,0
Accident 1487,0
Accident 1488,0
Accident 1489,0
Accident 1490,0
Accident 1491,0
Accident 1492,0
Accident 1493,0
Accident 1494,0
Accident 1495,0
Accident 1496,0
Accident 1497,0
Accident 1498,0
Accident 1499,0
Accident 1500,0
Accident 1501,0
Accident 1502,0
Accident 1503,0
Accident 1504,0
Accident 1505,0
Accident 1506,0
Accident 1507,0
Accident 1508,0
Accident 1509,0
Accident 1510,0
Accident 1511,0
Accident 1512,0
Accident 1513,0
Accident 1514,0
Accident 1515,0
Accident 1516,0
Accident 1517,0
Accident 1518,0
Accident 1519,0
Accident 1520,0
Accident 1521,0
Accident 1522,0
Accident 1523,0
Accident 1524,0
Accident 1525,0
Accident 1526,0
Accident 1527,0
Accident 1528,0
Accident 1529,0
Accident 1530,0
Accident 1531,0
Accident 1532,0
Accident 1533,0
Accident 1534,0
Accident 1535,0
Accident 1536,0
Accident 1537,0
Accident 1538,0
Accident 1539,0
Accident 1540,0
Accident 1541,0
Accident 1542,0
Accident 1543,0
Accident 1544,0
Accident 1545,0
Accident 1546,0
Accident 1547,0
Accident 1548,0
Accident 1549,0
Accident 1550,0
Accident 1551,0
Accident 1552,0
Accident 1553,0
Accident 1554,0
Accident 1555,0
Accident 1556,0
Accident 1557,0
Accident 1558,0
Accident 1559,0
Accident 1560,0
Accident 1561,0
Accident 1562,0
Accident 1563,0
Accident 1564,0
Accident 1565,0
Accident 1566,0
Accident 1567,0
Accident 1568,0
Accident 1569,0
Accident 1570,0
Accident 1571,0
Accident 1572,0
Accident 1573,0
Accident 1574,0
Accident 1575,0
Accident 1576,0
Accident 1577,0
Accident 1578,0
Accident 1579,0
Accident 1580,0
Accident 1581,0
Accident 1582,0
Accident 1583,0
Accident 1584,0
Accident 1585,0
Accident 1586,0
Accident 1587,0
Accident 1588,0
Accident 1589,0
Accident 1590,0
Accident 1591,0
Accident 1592,0
Accident 1593,0
Accident 1594,0
Accident 1595,0
Accident 1596,0
Accident 1597,0
Accident 1598,0
Accident 1599,0
Accident 1600,0
Accident 1601,0
Accident 1602,0
Accident 1603,0
Accident 1604,0
Accident 1605,0
Accident 1606,0
Accident 1607,0
Accident 1608,0
Accident 1609,0
Accident 1610,0
Accident 1611,0
Accident 1612,0
Accident 1613,0
Accident 1614,0
Accident 1615,0
Accident 1616,0
Accident 1617,0
Accident 1618,0
Accident 1619,0
Accident 1620,0
Accident 1621,0
Accident 1622,0
Accident 1623,0
Accident 1624,0
Accident 1625,0
Accident 1626,0
Accident 1627,0
Accident 1628,0
Accident 1629,0
Accident 1630,0
Accident 1631,0
Accident 1632,0
Accident 1633,0
Accident 1634,0
Accident 1635,0
Accident 1636,0
Accident 1637,0
Accident 1638,0
Accident 1639,0
Accident 1640,0
Accident 1641,0
Accident 1642,0
Accident 1643,0
Accident 1644,0
Accident 1645,0
Accident 1646,0
Accident 1647,0
Accident 1648,0
Accident 1649,0
Accident 1650,0
Accident 1651,0
Accident 1652,0
Accident 1653,0
Accident 1654,0
Accident 1655,0
Accident 1656,0
Accident 1657,0
Accident 1658,0
Accident 1659,0
Accident 1660,0
Accident 1661,0
Accident 1662,0
Accident 1663,0
Accident 1664,0
Accident 1665,0
Accident 1666,0
Accident 1667,0
Accident 1668,0
Accident 1669,0
Accident 1670,0
Accident 1671,0
Accident 1672,0
Accident 1673,0
Accident 1674,0
Accident 1675,0
Accident 1676,0
Accident 1677,0
Accident 1678,0
Accident 1679,0
Accident 1680,0
Accident 1681,0
Accident 1682,0
Accident 1683,0
Accident 1684,0
Accident 1685,0
Accident 1686,0
Accident 1687,0
Accident 1688,0
Accident 1689,0
Accident 1690,0
Accident 1691,0
Accident 1692,0
Accident 1693,0
Accident 1694,0
Accident 1695,0
Accident 1696,0
Accident 1697,0
Accident 1698,0
Accident 1699,0
Accident 1700,0
Accident 1701,0
Accident 1702,0
Accident 1703,0
Accident 1704,0
Accident 1705,0
Accident 1706,0
Accident 1707,0
Accident 1708,0
Accident 1709,0
Accident 1710,0
Accident 1711,0
Accident 1712,0
Accident 1713,0
Accident 1714,0
Accident 1715,0
Accident 1716,0
Accident 1717,0
Accident 1718,0
Accident 1719,0
Accident 1720,0
Accident 1721,0
Accident 1722,0
Accident 1723,0
Accident 1724,0
Accident 1725,0
Accident 1726,0
Accident 1727,0
Accident 1728,0
Accident 1729,0
Accident 1730,0
Accident 1731,0
Accident 1732,0
Accident 1733,0
Accident 1734,0
Accident 1735,0
Accident 1736,0
Accident 1737,0
Accident 1738,0
Accident 1739,0
Accident 1740,0
Accident 1741,0
Accident 1742,0
Accident 1743,0
Accident 1744,0
Accident 1745,0
Accident 1746,0
Accident 1747,0
Accident 1748,0
Accident 1749,0
Accident 1750,0
Accident 1751,0
Accident 1752,0
Accident 1753,0
Accident 1754,0
Accident 1755,0
Accident 1756,0
Accident 1757,0
Accident 1758,0
Accident 1759,0
Accident 1760,0
Accident 1761,0
Accident 1762,0
Accident 1763,0
Accident 1764,0
Accident 1765,0
Accident 1766,0
Accident 1767,0
Accident 1768,0
Accident 1769,0
Accident 1770,0
Accident 1771,0
Accident 1772,0
Accident 1773,0
Accident 1774,0
Accident 1775,0
Accident 1776,0
Accident 1777,0
Accident 1778,0
Accident 1779,0
Accident 1780,0
Accident 1781,0
Accident 1782,0
Accident 1783,2.863064452
Accident 1784,2.839373436
Accident 1785,2.933904109
Accident 1786,1.921135776
Accident 1787,0.844005571
Accident 1788,0.568916519
Accident 1789,2.329145641
Accident 1790,1.930455955
Accident 1791,2.94915755
Accident 1792,2.212083364
Accident 1793,2.554870706
Accident 1794,3.051251913
Accident 1795,0.387304967
Accident 1796,0.686785639
Accident 1797,0.393652384
Accident 1798,2.17120521
Accident 1799,1.844852374
Accident 1800,1.885095749
Accident 1801,2.144567242
Accident 1802,2.515195608
Accident 1803,2.476538004
Accident 1804,2.841851382
Accident 1805,1.990692894
Accident 1806,0.575695377
Accident 1807,1.824798609
Accident 1808,3.055193646
Accident 1809,0.719677706
Accident 1810,0.862507588
Accident 1811,2.103778784
Accident 1812,1.716724593
Accident 1813,0.976047884
Accident 1814,2.337156658
Accident 1815,2.336964136
Accident 1816,0.529593168
Accident 1817,2.044077892
Accident 1818,3.227313695
Accident 1819,0.187889968
Accident 1820,1.218983145
Accident 1821,1.119340731
Accident 1822,1.065464302
Accident 1823,2.6817586
Accident 1824,2.151073188
Accident 1825,1.461434143
Accident 1826,2.292897727
Accident 1827,1.030289378
Accident 1828,2.406760476
Accident 1829,2.594529631
Accident 1830,0.229714073
Accident 1831,1.678614419
Accident 1832,1.547261444
Accident 1833,2.695322996
Accident 1834,0.756240538
Accident 1835,1.03573264
Accident 1836,2.491070357
Accident 1837,1.652950305
Accident 1838,0.794455059
Accident 1839,0.258930517
Accident 1840,1.064309228
Accident 1841,0.298638122
Accident 1842,0.091609185
Accident 1843,0.274084087
Accident 1844,0.555134444
Accident 1845,1.456649435
Accident 1846,2.100543203
Accident 1847,2.66830322
Accident 1848,3.115569033
Accident 1849,0.386736942
Accident 1850,1.511620881
Accident 1851,3.174501099
Accident 1852,1.52018082
Accident 1853,2.391232284
Accident 1854,3.27335717
Accident 1855,2.910718759
Accident 1856,2.340434457
Accident 1857,1.292873492
Accident 1858,1.8981962
Accident 1859,0.036833659
Accident 1860,0.738419901
Accident 1861,2.687630353
Accident 1862,0.284797098
Accident 1863,1.6285095
Accident 1864,2.047979175
Accident 1865,0.646042692
Accident 1866,1.451478324
Accident 1867,0.856310428
Accident 1868,0.656343194
Accident 1869,3.026736619
Accident 1870,2.314732848
Accident 1871,0.553367744
Accident 1872,2.833271676
Accident 1873,0.555441209
Accident 1874,0.52986649
Accident 1875,0.04351996
Accident 1876,3.150826332
Accident 1877,0.752749735
Accident 1878,0.436995727
Accident 1879,1.680091102
Accident 1880,1.130124009
Accident 1881,3.057239766
Accident 1882,2.892123241
Accident 1883,2.421310618
Accident 1884,2.513225488
Accident 1885,0.074670217
Accident 1886,3.059831342
Accident 1887,1.987266219
Accident 1888,1.850181588
Accident 1889,3.189106256
Accident 1890,1.533496922
Accident 1891,2.996239862
Accident 1892,0.248765186
Accident 1893,1.157909514
Accident 1894,1.731225727
Accident 1895,0.645720362
Accident 1896,2.846371435
Accident 1897,0.248359109
Accident 1898,2.377087731
Accident 1899,3.010416987
Accident 1900,1.184156682
Accident 1901,0.859477169
Accident 1902,3.074395659
Accident 1903,1.020373324
Accident 1904,0.965782313
Accident 1905,1.206038185
Accident 1906,2.61335732
Accident 1907,0.054975489
Accident 1908,2.952538797
Accident 1909,1.519535504
Accident 1910,1.139106253
Accident 1911,0.190794865
Accident 1912,1.0031003
Accident 1913,2.56956842
Accident 1914,0.624534615
Accident 1915,0.313321862
Accident 1916,3.004096771
Accident 1917,1.851000171
Accident 1918,0.251432065
Accident 1919,2.30970461
Accident 1920,1.650376599
Accident 1921,2.512493746
Accident 1922,0.950256205
Accident 1923,0.520515359
Accident 1924,2.954003711
Accident 1925,1.614260025
Accident 1926,0.29111489
Accident 1927,2.824125326
Accident 1928,3.036241379
Accident 1929,2.369284687
Accident 1930,1.253411359
Accident 1931,1.573015316
Accident 1932,3.145532319
Accident 1933,2.254304915
Accident 1934,1.027724622
Accident 1935,0.312316592
Accident 1936,1.208510337
Accident 1937,2.567405597
Accident 1938,0.252768601
Accident 1939,1.533015373
Accident 1940,1.415168688
Accident 1941,0.590438051
Accident 1942,2.171937225
Accident 1943,1.743241205
Accident 1944,3.015628587
Accident 1945,0.519733002
Accident 1946,0.420915375
Accident 1947,1.180142765
Accident 1948,1.616598613
Accident 1949,1.590916425
Accident 1950,2.363915701
Accident 1951,2.227241203
Accident 1952,2.195368619
Accident 1953,0.872288629
Accident 1954,2.659673217
Accident 1955,2.661636754
Accident 1956,3.110656976
Accident 1957,0.839979385
Accident 1958,3.184160392
Accident 1959,0.855750178
Accident 1960,1.562147971
Accident 1961,0.367881973
Accident 1962,0.200737989
Accident 1963,2.278354615
Accident 1964,0.486225625
Accident 1965,0.553502186
Accident 1966,2.228316373
Accident 1967,2.408671242
Accident 1968,3.243990251
Accident 1969,0.389494444
Accident 1970,2.657852282
Accident 1971,3.017800099
Accident 1972,0.100659675
Accident 1973,0.281838478
Accident 1974,2.6907163
Accident 1975,0.866377358
Accident 1976,0.67021658
Accident 1977,0.486020379
Accident 1978,2.725679162
Accident 1979,2.742623796
Accident 1980,0.933753927
Accident 1981,1.352306168
Accident 1982,0.620616096
Accident 1983,3.073287248
Accident 1984,0.832456796
Accident 1985,1.701180196
Accident 1986,0.823220581
Accident 1987,3.101776897
Accident 1988,2.80392284
Accident 1989,1.86381732
Accident 1990,2.569596518
Accident 1991,2.69511253
Accident 1992,3.207975519
Accident 1993,0.372202422
Accident 1994,1.81447748
Accident 1995,3.321348284
Accident 1996,1.422384685
Accident 1997,1.889420832
Accident 1998,1.340684322
Accident 1999,2.005494697
Accident 2000,2.174303633
Accident 2001,2.310532846
Accident 2002,0.649341953
Accident 2003,1.026579574
Accident 2004,2.580299839
Accident 2005,0.759990375
Accident 2006,2.030747483
Accident 2007,2.366248194
Accident 2008,2.065831417
Accident 2009,0.960958769
Accident 2010,3.223009224
Accident 2011,1.541588182
Accident 2012,2.701735507
Accident 2013,0.885135699
Accident 2014,0.551048362
Accident 2015,3.189412727
Accident 2016,0.579607463
Accident 2017,0.985938719
Accident 2018,1.888181572
Accident 2019,2.311935462
Accident 2020,0.200539927
Accident 2021,2.424382401
Accident 2022,1.824154001
Accident 2023,0.175724323
Accident 2024,0.386301445
Accident 2025,2.451011013
Accident 2026,1.767588473
Accident 2027,0
Accident 2028,4.04486624
Accident 2029,6.161668027
Accident 2030,2.707707813
Accident 2031,2.599613451
Accident 2032,0
Accident 2033,0
Accident 2034,0.334137928
Accident 2035,0.985174386
Accident 2036,8.593967816
Accident 2037,3.593571956
Accident 2038,7.340916072
Accident 2039,5.648977131
Accident 2040,3.378139737
Accident 2041,11.6438515
Accident 2042,1.880882227
Accident 2043,2.526323811
Accident 2044,5.446553863
Accident 2045,0
Accident 2046,0.287820676
Accident 2047,5.589977784
Accident 2048,7.255863698
Accident 2049,2.033463386
Accident 2050,0
Accident 2051,0
Accident 2052,9.24285877
Accident 2053,3.317405621
Accident 2054,3.283131366
Accident 2055,7.817076654
Accident 2056,2.219255792
Accident 2057,0.698859668
Accident 2058,7.959812439
Accident 2059,6.12201362
Accident 2060,8.488059011
Accident 2061,0.985559056
Accident 2062,6.82690484
Accident 2063,4.434500278
Accident 2064,5.631995992
Accident 2065,0.227870564
Accident 2066,0.842146121
Accident 2067,6.823835763
Accident 2068,2.97298685
Accident 2069,0.936576578
Accident 2070,0.85443102
Accident 2071,1.168308757
Accident 2072,0
Accident 2073,8.969577132
Accident 2074,3.341141258
Accident 2075,6.526008832
Accident 2076,8.501452097
Accident 2077,6.474732435
Accident 2078,0
Accident 2079,8.480061589
Accident 2080,2.553524506
Accident 2081,6.7293508
Accident 2082,7.173289086
Accident 2083,7.382737499
Accident 2084,6.789699156
Accident 2085,4.010482535
Accident 2086,0.063615557
Accident 2087,10.66443119
Accident 2088,2.064633665
Accident 2089,3.038985601
Accident 2090,6.121413521
Accident 2091,0.692719373
Accident 2092,6.927532456
Accident 2093,4.625844966
Accident 2094,0.520894985
Accident 2095,6.390424975
Accident 2096,3.204820087
Accident 2097,3.427655302
Accident 2098,4.303800339
Accident 2099,7.22989273
Accident 2100,5.328575298
Accident 2101,0.297208877
Accident 2102,0.525876131
Accident 2103,2.261522341
Accident 2104,4.120529835
Accident 2105,0
Accident 2106,6.665111299
Accident 2107,5.116997764
Accident 2108,6.855329821
Accident 2109,0.179900944
Accident 2110,5.154298478
Accident 2111,8.032539842
Accident 2112,2.750432202
Accident 2113,6.124518481
Accident 2114,6.868911988
Accident 2115,2.692639991
Accident 2116,2.403981995
Accident 2117,5.339990462
Accident 2118,4.661139683
Accident 2119,3.361094494
Accident 2120,2.546779797
Accident 2121,3.019121595
Accident 2122,4.908072332
Accident 2123,0.23309892
Accident 2124,2.864605712
Accident 2125,4.606414128
Accident 2126,0.312474411
Accident 2127,2.975816395
Accident 2128,8.657523708
Accident 2129,7.920882853
Accident 2130,7.297189598
Accident 2131,5.509084642
Accident 2132,10.2759568
Accident 2133,1.1246789
Accident 2134,2.623589329
Accident 2135,0.371269327
Accident 2136,5.509819357
Accident 2137,4.949572547
Accident 2138,1.474024887
Accident 2139,2.809775289
Accident 2140,0.404124481
Accident 2141,1.877729474
Accident 2142,0.850902611
Accident 2143,5.15567698
Accident 2144,6.084037358
Accident 2145,5.856112537
Accident 2146,3.380665572
Accident 2147,1.004110143
Accident 2148,0.287370241
Accident 2149,0.459439237
Accident 2150,5.991387416
Accident 2151,0.006911385
Accident 2152,5.721974961
Accident 2153,0.216777673
Accident 2154,6.050966245
Accident 2155,3.445316748
Accident 2156,7.375100423
Accident 2157,2.577830912
Accident 2158,8.567047973
Accident 2159,1.197984469
Accident 2160,4.807049408
Accident 2161,0.395546024
Accident 2162,5.874393499
Accident 2163,6.032099974
Accident 2164,3.486548037
Accident 2165,2.940946867
Accident 2166,6.084855792
Accident 2167,7.358594226
Accident 2168,6.004752751
Accident 2169,0.721878345
Accident 2170,4.893384361
Accident 2171,0.08510649
Accident 2172,4.121457068
Accident 2173,4.025498891
Accident 2174,5.960467416
Accident 2175,2.315664053
Accident 2176,5.004313054
Accident 2177,4.722229449
Accident 2178,2.386068398
Accident 2179,8.724739893
Accident 2180,1.417793614
Accident 2181,7.625906786
Accident 2182,2.188876806
Accident 2183,3.112989795
Accident 2184,2.013073049
Accident 2185,3.843316621
Accident 2186,3.734567802
Accident 2187,7.000657853
Accident 2188,3.945257443
Accident 2189,4.914787044
Accident 2190,3.95367993
Accident 2191,4.791054909
Accident 2192,5.305127328
Accident 2193,1.635830857
Accident 2194,0.489551927
Accident 2195,0.675701214
Accident 2196,6.149139914
Accident 2197,3.221294408
Accident 2198,0.823711661
Accident 2199,0.827880084
Accident 2200,1.535966928
Accident 2201,1.482153397
Accident 2202,5.503718141
Accident 2203,0.935992483
Accident 2204,1.132332502
Accident 2205,0.941092564
Accident 2206,5.066315419
Accident 2207,0
Accident 2208,4.982112802
Accident 2209,7.34668761
Accident 2210,2.581730288
Accident 2211,2.61586041
Accident 2212,0
Accident 2213,11.75347527
Accident 2214,4.600702016
Accident 2215,2.213314969
Accident 2216,5.977702754
Accident 2217,5.607840136
Accident 2218,7.143883138
Accident 2219,6.06277758
Accident 2220,0.275825219
Accident 2221,0
Accident 2222,3.610348095
Accident 2223,5.678287249
Accident 2224,1.929463408
Accident 2225,6.056218517
Accident 2226,4.818615505
Accident 2227,2.623590085
Accident 2228,0.834876847
Accident 2229,5.355129609
Accident 2230,6.585674587
Accident 2231,0.33788565
Accident 2232,0.767618416
Accident 2233,7.888299667
Accident 2234,0
Accident 2235,7.595591707
Accident 2236,7.311962942
Accident 2237,1.162878893
Accident 2238,5.460629614
Accident 2239,0
Accident 2240,0
Accident 2241,0.658066037
Accident 2242,0.373752339
Accident 2243,0
Accident 2244,0.609880436
Accident 2245,7.644477264
Accident 2246,0
Accident 2247,4.741261173
Accident 2248,0
Accident 2249,3.62631583
Accident 2250,5.389015655
Accident 2251,1.914071754
Accident 2252,7.467801223
Accident 2253,3.621715728
Accident 2254,6.552486706
Accident 2255,6.451031864
Accident 2256,4.559666138
Accident 2257,2.531491664
Accident 2258,2.520208169
Accident 2259,1.493055309
Accident 2260,10.39454022
Accident 2261,0
Accident 2262,4.037616711
Accident 2263,6.682872143
Accident 2264,0
Accident 2265,1.037904188
Accident 2266,0
Accident 2267,0
Accident 2268,4.367313755
Accident 2269,2.646655677
Accident 2270,1.356281379
Accident 2271,1.625368496
Accident 2272,1.182873076
Accident 2273,1.978618944
Accident 2274,2.123432674
Accident 2275,0.453479011
Accident 2276,0.330565344
Accident 2277,1.648819814
Accident 2278,1.181874788
Accident 2279,1.841300955
Accident 2280,0.681962457
Accident 2281,2.418653533
Accident 2282,3.295720438
Accident 2283,1.830723327
Accident 2284,2.310888976
Accident 2285,4.214650094
Accident 2286,2.588283877
Accident 2287,0.160835934
Accident 2288,3.009031208
Accident 2289,1.629917831
Accident 2290,1.289635947
Accident 2291,2.099531805
Accident 2292,2.482638147
Accident 2293,1.594229748
Accident 2294,1.014613702
Accident 2295,0.795706637
Accident 2296,0.280624938
Accident 2297,1.463080062
Accident 2298,0.493654168
Accident 2299,0.79366956
Accident 2300,2.889015408
Accident 2301,0.553201032
Accident 2302,1.823903224
Accident 2303,1.576944618
Accident 2304,0.028133535
Accident 2305,1.707289486
Accident 2306,0.090196328
Accident 2307,2.206006325
Accident 2308,2.19146845
Accident 2309,3.295045067
Accident 2310,0.227795701
Accident 2311,0.037126173
Accident 2312,2.547674113
Accident 2313,1.460253959
Accident 2314,0
Accident 2315,0.0252105
Accident 2316,0
Accident 2317,0.148908689
Accident 2318,1.71890227
Accident 2319,0
Accident 2320,0
Accident 2321,0.561419639
Accident 2322,0
Accident 2323,0
Accident 2324,0.000342915
Accident 2325,0
Accident 2326,0
Accident 2327,0.628925999
Accident 2328,0
Accident 2329,0
Accident 2330,0
Accident 2331,0
Accident 2332,0.618391269
Accident 2333,2.058951493
Accident 2334,0.083681055
Accident 2335,0.458019286
Accident 2336,0.225916397
Accident 2337,0.092085261
Accident 2338,0.814278966
Accident 2339,1.711400392
Accident 2340,0
Accident 2341,0
Accident 2342,0
Accident 2343,0
Accident 2344,0
Accident 2345,0
Accident 2346,0
Accident 2347,0
Accident 2348,0
Accident 2349,0
Accident 2350,0
Accident 2351,0
Accident 2352,0
Accident 2353,0
Accident 2354,0
Accident 2355,0
Accident 2356,0
Accident 2357,0
Accident 2358,0
Accident 2359,0
Accident 2360,0.091344362
Accident 2361,0
Accident 2362,0
Accident 2363,0.180346963
Accident 2364,0
Accident 2365,0
Accident 2366,0
Accident 2367,0
Accident 2368,0
Accident 2369,0
Accident 2370,0
Accident 2371,0
Accident 2372,0
Accident 2373,0
Accident 2374,0
Accident 2375,0
Accident 2376,0
Accident 2377,0
Accident 2378,0
Accident 2379,0
Accident 2380,0
Accident 2381,0
Accident 2382,0
Accident 2383,0
Accident 2384,0
Accident 2385,0
Accident 2386,0
Accident 2387,0
Accident 2388,0
Accident 2389,0
Accident 2390,0
Accident 2391,0
Accident 2392,0
Accident 2393,0
Accident 2394,0
Accident 2395,0
Accident 2396,0
Accident 2397,0
Accident 2398,0
Accident 2399,0
Accident 2400,0
Accident 2401,0
Accident 2402,0
Accident 2403,0
Accident 2404,0
Accident 2405,0
Accident 2406,0
Accident 2407,0
Accident 2408,0
Accident 2409,0
Accident 2410,0
Accident 2411,0
Accident 2412,0
Accident 2413,0
Accident 2414,0
Accident 2415,0
Accident 2416,0
Accident 2417,0
Accident 2418,0
Accident 2419,0
Accident 2420,0
Accident 2421,0
Accident 2422,0
Accident 2423,0
Accident 2424,0
Accident 2425,0
Accident 2426,0
Accident 2427,0
Accident 2428,0
Accident 2429,0
Accident 2430,0
Accident 2431,0
Accident 2432,0
Accident 2433,0
Accident 2434,0
Accident 2435,0
Accident 2436,0
Accident 2437,0
Accident 2438,0
Accident 2439,0
Accident 2440,0
Accident 2441,0.271087956
Accident 2442,0
Accident 2443,0.025865401
Accident 2444,0.861080777
Accident 2445,0
Accident 2446,0
Accident 2447,0.214417493
Accident 2448,0
Accident 2449,0
Accident 2450,0
Accident 2451,0
Accident 2452,0
Accident 2453,0
Accident 2454,0
Accident 2455,0
Accident 2456,0
Accident 2457,0
Accident 2458,0
Accident 2459,0.099118189
Accident 2460,0
Accident 2461,0.039024851
Accident 2462,0.482021619
Accident 2463,0
Accident 2464,0
Accident 2465,0.073711887
Accident 2466,0
Accident 2467,1.641866717
Accident 2468,1.571568445
Accident 2469,0.837519866
Accident 2470,1.14288161
Accident 2471,0.822979515
Accident 2472,0.685504972
Accident 2473,0.602061039
Accident 2474,1.669279146
Accident 2475,1.063145091
Accident 2476,0
Accident 2477,0
Accident 2478,0
Accident 2479,0
Accident 2480,0
Accident 2481,0
Accident 2482,0
Accident 2483,0
Accident 2484,0
Accident 2485,1.413297938
Accident 2486,1.417743461
Accident 2487,0
Accident 2488,0.605306043
Accident 2489,1.385722284
Accident 2490,0.35429922
Accident 2491,0.986700543
Accident 2492,0.445675465
Accident 2493,0
Accident 2494,1.174009122
Accident 2495,1.260119918
Accident 2496,0.334548606
Accident 2497,2.459656461
Accident 2498,3.333976458
Accident 2499,2.137342414
Accident 2500,0.251665643
Accident 2501,1.353923333
Accident 2502,0.302945009
Accident 2503,0
Accident 2504,0.072825933
Accident 2505,0
Accident 2506,0
Accident 2507,0.993739532
Accident 2508,0
Accident 2509,0
Accident 2510,0
Accident 2511,0
